Journal Entry,Detected Emotion,Confidence Score,Extracted Topic,Personalized Feedback
I feel really anxious about my relationship. My partner is distant and I don’t know how to talk to them.,fear,0.34,General Reflection,You might be feeling anxious. Deep breathing exercises can help. 
"Today, I learned about the importance of consent in a healthy relationship.",neutral,0.86,General Reflection,Keep writing! Reflecting on your thoughts is always helpful. 
I feel insecure about my body and my self-esteem is low.,fear,0.2,General Reflection,You might be feeling anxious. Deep breathing exercises can help. 
"I had a great talk with my partner about boundaries, and it made me feel safe and respected.",joy,0.94,General Reflection,You're feeling great! Keep up the positive mindset! 
I’m struggling with my emotions and don’t know how to manage my anxiety.,fear,0.23,General Reflection,You might be feeling anxious. Deep breathing exercises can help. 
I finally had the confidence to say no in a situation I wasn't comfortable with.,joy,0.42,General Reflection,You're feeling great! Keep up the positive mindset! 
